about-homepage-features-jobs-end,1
about-homepage-features-end,21
about-homepage-end,16
connectors-homepage-features-about-end,2
connectors-homepage-features-end,84
connectors-homepage-end,230
features-homepage-signup-blog-homepage-end,1
features-homepage-signup-blog-end,1
features-homepage-signup-end,5
features-homepage-end,26
homepage-features-connectors-/tour-homepage-end,2
homepage-features-connectors-/tour-end,3
homepage-features-connectors-end,51
homepage-features-end,11
jobs-homepage-about-features-connectors-/tour-end,1
jobs-homepage-about-features-end,2
jobs-homepage-about-end,23
jobs-homepage-end,32
contact-homepage-video-features-jobs-about-end,1
contact-homepage-video-end,4
contact-homepage-end,10
video-homepage-features-connectors-/tour-end,1
video-homepage-features-connectors-end,2
video-homepage-features-end,9
video-homepage-end,14
signup-homepage-video-/tour-end,1
signup-homepage-video-end,7
signup-homepage-end,2
blog-homepage-features-connectors-/tour-end,2
blog-homepage-features-connectors-end,4
blog-homepage-features-end,5
blog-homepage-end,18
homepage-homepage-connectors-features-/tour-end,1
homepage-homepage-connectors-features-end,9
homepage-homepage-connectors-end,30
homepage-homepage-end,27
srch eng-homepage-features-connectors-/tour-about-contact-end,1
srch eng-homepage-features-connectors-/tour-end,1
srch eng-homepage-features-connectors-end,3
srch eng-homepage-features-end,3
signup-homepage-features-about-end,1
signup-homepage-features-end,8
signup-homepage-end,2
